toepassingID;toepassing;productID
4afc2ff3-fb79-44cd-a5d1-bd53055627a0;Eigen regie;3e32faba-8f55-4d08-8b22-dddcba50aba2
3cdee920-cdce-421c-85ec-ed40f7514b77;Zorg en contact met elkaar;61bd918d-1e56-488b-b233-65e1a22f5fff
31a9e3df-643a-4355-a5d7-e8320de4e909;Ontspanning en vermaak;52fd62d9-eafe-4209-8d5c-104299a81f49
deb13c57-0df0-4678-a296-9321bcdbcd02;Bewegen;52fd62d9-eafe-4209-8d5c-104299a81f49
e312f282-e44c-492f-b076-b23029da7129;Geheugentraining;52fd62d9-eafe-4209-8d5c-104299a81f49
5ae256dd-9af8-4e6b-8815-a780ca6c7a7f;Ontspanning en vermaak;3c725347-1301-4a19-a42e-962008971939
220eac56-6697-43b0-a4bb-f6e7d63b1bd5;Bewegen;3c725347-1301-4a19-a42e-962008971939
f84eb661-fc2a-4a15-bd89-2a8ffb353390;Ontspanning en vermaak;657e87b1-c53c-4f62-8ad6-ce6c7d4a29e1
21c048d4-753e-46d4-b5d0-73d10fc1608b;Geheugentraining;657e87b1-c53c-4f62-8ad6-ce6c7d4a29e1
90dc3281-fac3-40d3-a07e-ffffa04d6a75;Zorg en contact met elkaar;97099447-ea1e-4c98-a465-d3c8fb39c7ed
a3fb39c9-3338-4cde-b54b-fe3ff767d90b;Bewegen;97099447-ea1e-4c98-a465-d3c8fb39c7ed
87469645-8cd9-418b-a049-56589c574e80;Bewegen;8292c12a-709a-4a50-b9bf-46aad0b2c861
c27ca61a-00c5-4dd6-b126-cb1b4de4344d;Ontspanning en vermaak;a675d3af-5e3d-44c9-bd15-f06ad1513c98
17bc9d9b-328b-44c4-adda-4448ab8b5ed8;Eigen regie;a675d3af-5e3d-44c9-bd15-f06ad1513c98
aeecf13a-6d24-47a0-9153-58b916c48242;Slimmer werken;a675d3af-5e3d-44c9-bd15-f06ad1513c98
2af4a77b-e851-484b-9158-e5693d9041f0;Ontspanning en vermaak;8e86f17b-7e5f-46a9-8e2b-766178c57eea
619328bc-cabe-4be2-afc2-980274becf24;Ontspanning en vermaak;a54b3dcb-00be-45ea-b598-596adec1b3d4
410ce62e-3113-43fd-8b7a-59bcc02c7929;Eigen regie;7ff77f9b-8c42-47e4-9896-9389d8341a83
f2f4d057-4716-423c-8451-0115e2076eb8;Slimmer werken;7ff77f9b-8c42-47e4-9896-9389d8341a83
2fcf0820-dab3-43db-bf59-3aeffec134b9;Ontspanning en vermaak;17ef80af-48e4-4061-b73c-728592b906a7
5060eb01-39ca-49c0-b8b0-317ae3fdee51;Bewegen;17ef80af-48e4-4061-b73c-728592b906a7
91b871d8-3fe0-433d-af63-01726b2eeecd;Ontspanning en vermaak;12dd320a-cfa8-4b27-a36f-736e8bf707b9
1a08a2ca-694d-428f-bbbf-6ba0c756076f;Ontspanning en vermaak;fc7cfc03-6ea0-4f82-af3e-d2b6fe9cc779
6c2e363d-a766-4469-a7a8-df5cc8afe059;Bewegen;fc7cfc03-6ea0-4f82-af3e-d2b6fe9cc779
d03342c4-10fb-484c-bf4a-db80e5423c98;Zorg en contact met elkaar;655928c3-fe1f-4c3c-acad-9d95b8a02344
2d365f36-34fe-4423-94a9-b68146c2ec05;Ontspanning en vermaak;655928c3-fe1f-4c3c-acad-9d95b8a02344
a3b403b1-d0a2-409b-b0dd-f18aaa5645cc;Nachtelijk onrust;655928c3-fe1f-4c3c-acad-9d95b8a02344
52b55768-0c07-443b-87fe-e1bd4ca38e88;Ontspanning en vermaak;7883fbb8-f906-4399-af47-36ce4a3eea8e
a4b708f2-4bea-4630-a504-3b727de278b6;Bewegen;7883fbb8-f906-4399-af47-36ce4a3eea8e
5207a6aa-db53-419d-8e0e-f7f60df166cb;Ontspanning en vermaak;70b6de8c-fcf0-405e-9be7-7482cdc2bfb6
f4625656-f2cb-4183-8de7-0d6ed76ae5c3;Ontspanning en vermaak;404e3737-d137-4e81-a6ab-a21a5eb403d8
8a0530b0-e931-4a7c-989f-60f80e28f39d;Nachtelijk onrust;404e3737-d137-4e81-a6ab-a21a5eb403d8
9fb48385-b315-4d8b-8a76-56df43a52aba;Ontspanning en vermaak;8e860f56-7d88-45aa-aa13-c2cb93278806
91af416b-5bfb-483b-b274-921b6a32d253;Bewegen;8e860f56-7d88-45aa-aa13-c2cb93278806
0f42cc96-f1f9-495c-9fdc-4b9acbe60d04;Geheugentraining;8e860f56-7d88-45aa-aa13-c2cb93278806
28dcdcf9-1693-4e3b-863a-fa3db48bde03;Ontspanning en vermaak;f15c65d0-9c6f-42dc-8f52-360f2931f5df
170fbe46-a85b-4c81-af74-623bacf54d10;Nachtelijk onrust;f15c65d0-9c6f-42dc-8f52-360f2931f5df
823238d6-9aa1-470e-ae46-845c35d193b0;Ontspanning en vermaak;bbe90a00-f96f-43aa-90dd-383f880dbed0
3e5f36ca-67dc-4412-a9bd-59ba9411b2bc;Zorg en contact met elkaar;81db9350-a69f-4a57-ba57-2c4cc44dfae7
03ec4e4b-50a3-45ca-8ea3-a65095f1ea0f;Slimmer werken;81db9350-a69f-4a57-ba57-2c4cc44dfae7
762f9259-2a0c-4ae1-8087-3da251ebb87a;Nachtelijk onrust;36062595-f334-48ef-aa1e-e864f8c7fca1
7a010c47-b36b-4e2f-afc8-2467d1816304;Eigen regie;a36e2361-3e17-4c1e-af66-63876e46fcf0
cc12a9c1-c322-4c85-b139-65c9d88d508a;Ontspanning en vermaak;a054df2c-cd04-460e-9e8a-866d96aed943
91cdcf1a-b88a-4e20-8a61-3b9c9ebafc6b;Bewegen;a054df2c-cd04-460e-9e8a-866d96aed943
bc273264-d8a5-4a01-a183-1af0fe343959;Zorg en contact met elkaar;7aaba739-35c6-4c0e-b4ac-9cc63949af7d
bf36dcda-6638-4745-9526-a447a297c821;Eigen regie;7aaba739-35c6-4c0e-b4ac-9cc63949af7d